case	dock	n_apps	frame_px	before_shown	before_layout	before_icon_px	before_gapX	before_gapY	before_child_px	after_layout	after_icon_px	after_gapX	after_gapY	after_scroll	after_content_px	after_child_px
photo7	LEFT 150%	7	262x956	7	1x7	101	80.5	31.1	181x131	1x7	122	70.0	12.8	NONE	262x956	192x134
photo8	LEFT 150%	8	262x956	8	2x4	90	27.3	119.2	116x208	2x4	113	12.0	100.8	NONE	262x956	125x213
photo12	LEFT 150%	12	262x956	8	2x4	90	27.3	119.2	116x208	2x6	113	12.0	39.7	NONE	262x956	125x151
photo20	LEFT 150%	20	262x956	8	2x4	90	27.3	119.2	116x208	2x10	82	32.7	12.4	NONE	262x956	114x94
photo30	LEFT 150%	30	262x956	8	2x4	90	27.3	119.2	116x208	3x10	71	12.3	22.4	NONE	262x956	83x93
photo40	LEFT 150%	40	262x956	(không đo — bản 2.91 chỉ nhận 8)						3x14	60	20.5	15.8	VERTICAL	262x1078	80x74
narrowB8	BOTTOM	8	301x804	8	2x4	103	31.7	78.4	133x181	2x4	132	12.3	55.2	NONE	301x804	144x186
wide8	BOTTOM	8	1872x123	8	8x1	76	140.4	23.5	216x98	8x1	99	120.0	12.0	NONE	1872x123	219x111
wide20	BOTTOM	20	1872x123	8	8x1	76	140.4	23.5	216x98	20x1	81	12.0	21.0	NONE	1872x123	93x101
wide30	BOTTOM	30	1872x123	(không đo — bản 2.91 chỉ nhận 8)						30x1	60	13.2	31.5	HORIZONTAL	2208x123	72x90
small8	BOTTOM	8	301x123	8	4x2	42	26.6	13.0	68x54	8x1	60	22.8	31.5	HORIZONTAL	685x123	82x90
quad8	BOTTOM	8	929x395	8	4x2	136	77.0	41.0	212x176	4x2	179	42.6	12.3	NONE	929x395	221x191
mini8	BOTTOM	8	277x252	8	3x3	60	24.2	18.0	84x78	3x3	68	18.3	12.0	NONE	277x252	86x80
