widget	frame	frame_px	before_ink_WxH	before_margins_LRTB	after_ink_WxH	after_margins_LRTB
w_clock	narrow	301x804	234x172	31/36/330/302	260x193	20/21/322/289
w_clock	wide	1558x123	1142x44	202/214/41/38	1177x52	182/199/38/33
w_clock	big	1558x668	881x211	39/638/246/211	899x211	21/638/246/211
w_energy	narrow	301x804	209x208	46/46/298/298	229x228	36/36/288/288
w_energy	wide	1558x123	62x63	748/748/30/30	82x81	738/738/21/21
w_energy	big	1558x668	510x510	524/524/79/79	530x530	514/514/69/69
w_pm25	narrow	301x804	209x493	46/46/282/29	229x515	36/36/272/17
w_pm25	wide	1558x123	78x66	741/739/28/29	78x88	741/739/18/17
w_pm25	big	1558x668	484x563	537/537/76/29	504x585	527/527/66/17
w_speed	narrow	301x804	208x133	56/37/360/311	218x133	56/27/360/311
w_speed	wide	1558x123	837x17	380/341/54/52	859x22	374/325/51/50
w_speed	big	1558x668	217x133	685/656/292/243	217x133	685/656/292/243
w_tire	narrow	301x804	285x258	8/8/281/265	285x258	8/8/281/265
w_tire	wide	1558x123	1496x106	31/31/9/8	1496x106	31/31/9/8
w_tire	big	1558x668	1496x583	31/31/49/36	1496x583	31/31/49/36
w_media	narrow	301x804	235x283	33/33/248/273	257x309	22/22/234/261
w_media	wide	1558x123	1418x75	24/116/24/24	1442x99	12/104/12/12
w_media	big	1558x668	342x411	608/608/111/146	342x411	608/608/111/146
w_car	narrow	301x804	213x619	44/44/160/25	233x652	34/34/139/13
w_car	wide	1558x123	141x72	709/708/26/25	141x94	709/708/16/13
w_car	big	1558x668	238x577	660/660/66/25	246x599	656/656/56/13
w_board	narrow	301x804	247x502	27/27/27/275	247x502	27/27/27/275
w_board	wide	1558x123	1526x87	16/16/16/20	1526x87	16/16/16/20
w_board	big	1558x668	1504x534	27/27/27/107	1504x534	27/27/27/107
w_photos	narrow	301x804	285x788	8/8/8/8	285x788	8/8/8/8
w_photos	wide	1558x123	976x107	574/8/8/8	976x107	574/8/8/8
w_photos	big	1558x668	1542x652	8/8/8/8	1542x652	8/8/8/8
g_climate	narrow	301x804	255x611	22/24/20/173	255x611	22/24/20/173
g_climate	wide	1558x123	205x22	22/1331/20/81	205x22	22/1331/20/81
g_climate	big	1558x668	1512x611	22/24/20/37	1512x611	22/24/20/37
g_tyres	narrow	301x804	239x502	22/40/21/281	239x502	22/40/21/281
g_tyres	wide	1558x123	1139x84	22/397/21/18	1139x84	22/397/21/18
g_tyres	big	1558x668	1232x596	22/304/21/51	1232x596	22/304/21/51
g_windows	narrow	301x804	257x764	20/24/22/18	257x764	20/24/22/18
g_windows	wide	1558x123	1514x78	20/24/22/23	1514x78	20/24/22/23
g_windows	big	1558x668	1514x628	20/24/22/18	1514x628	20/24/22/18
fan	narrow	301x804	247x750	27/27/27/27	247x750	27/27/27/27
fan	wide	1558x123	1526x91	16/16/16/16	1526x91	16/16/16/16
fan	big	1558x668	1504x614	27/27/27/27	1504x614	27/27/27/27
pm25	narrow	301x804	247x750	27/27/27/27	247x750	27/27/27/27
pm25	wide	1558x123	1526x91	16/16/16/16	1526x91	16/16/16/16
pm25	big	1558x668	1504x614	27/27/27/27	1504x614	27/27/27/27
